{"cameraMode":{"drawMode":0,"name":"Shaded","section":"Shading Mode"},"sceneLighting":false,"audioPlay":false,"sceneViewState":{"showFog":true,"showMaterialUpdate":false,"showSkybox":true,"showFlares":true,"showImageEffects":true,"showParticleSystems":true},"in2DMode":false,"pivot":{"x":932.0000610351563,"y":367.72296142578127,"z":0.0},"rotation":{"x":-0.3148720860481262,"y":0.07307933270931244,"z":-0.024323705583810808,"w":-0.9460082054138184},"size":1828.076416015625,"orthographic":false}